CASIO卡西欧计算器fx-991CN X中文版函数科学计算器学生考试专用物理化学竞赛大学考研 黑色+四件套,158.00,5000+,凯迪鑫发办公专营店
得力(deli)双电源桌面办公计算器 12位大屏幕桌面计算机 办公文具用品 837ES,12.50,100万+,得力京东自营官方旗舰店
晨光(M&G)文具837双电源计算器 太阳能桌面计算机12位大屏幕计算器 办公用品 单个装ADG98189,12.50,10万+,晨光京东自营官方旗舰店
得力(deli)双电源宽屏办公桌面计算器 财务计算机 办公文具用品 银灰色1654,32.90,50万+,得力京东自营官方旗舰店
得力(deli)双电源电脑按键计算器 12位大屏横式桌面计算机 财务及银行人员适用 办公用品 白色2136,33.00,20万+,得力京东自营官方旗舰店
得力(deli)D82MS函数科学计算器 240种功能考试计算机(适用于初高中生) 深蓝,19.90,20万+,得力京东自营官方旗舰店
得力（deli） 计算器语音计算机 财务专用计算器语音大按键办公用品 33560 金属拉丝面板-金色,21.90,5万+,斯美奇办公用品专营店
晨光(M&G)文具香槟金语音型计算器 桌面办公计算机 学生/办公通用12位大屏幕计算器 单个装ADG98740,28.50,5万+,晨光京东自营官方旗舰店
得力（deli）函数科学计算器大学生考试专用一建二建注会考试 多功能三角工程函数器 「推荐」1700【高颜值/240种功能】白色,20.90,1万+,文博汇办公用品专营店
得力(deli)双电源轻便桌面计算器 12位大屏桌面计算机 办公用品 黑色837,16.00,100万+,得力京东自营官方旗舰店
广博（GuangBo）双电源太阳能/电池计算器大屏幕桌面办公计算机NC-837,10.80,10万+,广博京东自营官方旗舰店
得力 函数计算器学生科学计算机多功能注会一建考试用计算器初高中生考研统计机器 1700象牙白,20.90,5000+,得力麦多专卖店
得力(deli)双电源电脑按键计算器 12位大屏横式计算机 财务及银行人员适用 办公文具用品 白色2135,49.90,10万+,得力京东自营官方旗舰店
得力(deli)12位财务商超通用语音计算机 桌面语音计算器 黑色1502,23.90,50万+,得力京东自营官方旗舰店
得力(deli)双电源时尚计算器 轻薄机身平板按键桌面计算机 办公用品 白色1589,39.90,20万+,得力京东自营官方旗舰店
得力(deli)双电源电脑按键计算器 12位大屏横式桌面计算机 财务及银行人员适用 办公用品 2136ES,29.90,5000+,斯美奇办公用品专营店
齐心(Comix)双电源桌面办公计算器 12位大屏幕桌面计算机 学生办公文具用品 C-330,12.00,20万+,齐心京东自营官方旗舰店
得力计算器学生便携式小号糖果色太阳能计算机 粉色,18.90,2000+,得力麦多专卖店
希赛网 2022年计算机软考中级【网络工程师】零基础考试培训课程 强化在线网课 加强版自学包 VIP保障班【全程网络课堂+全套教材+不过重修】,4688.00,100+,希赛教育官方旗舰店
小米生态企业链KACO计算器 太阳能电池双电源简约白色大屏财务办公会计专用学生考试科学 白色,46.00,2000+,KACO京东自营旗舰店
得力(deli)大屏金色面板语音计算器 12位显示真人语音计算机 办公文具用品 27559,32.00,20万+,得力京东自营官方旗舰店
科学计算器学生用函数计算机一建会计专用大学便携可爱创意时尚小学中学生四年级注会中高考建筑师考试 升级款 / 清晰蓝+2支考试笔+2粒电池+1螺丝刀,16.80,1万+,西语办公专营店
得力（deli） 12位大屏幕语音型计算器/计算机 1512/水晶按键语音计算器,22.90,2万+,斯美奇办公用品专营店
齐心（Comix）双电源时尚计算器 桌面计算机 学生/办公文具用品 天蓝色 C-1375,29.00,2000+,齐心京东自营官方旗舰店
卡西欧（CASIO）12位商务台式计算器太阳能双电源桌面办公会计财务计算机器 办公文具用品 DX-120B（电池+螺丝刀+笔）,67.00,98,凯迪鑫发办公专营店
晨光计算器学生考试专用多功能科学计算器便携式计算机会计专用大学人教版四年级函数计算器 82MS计算器/灰,21.56,5000+,晨光专卖店
得力(deli)桌面办公计算器 12位大屏幕桌面计算机 办公文具用品 【双电源款】837ES,11.50,1万+,得力迅购专卖店
得力(deli)D82MS函数科学计算器 240种功能考试计算机(适用于初高中生) 纯白,19.90,20万+,得力京东自营官方旗舰店
晨光(M&G)文具837语音型计算器 桌面办公计算机 学生12位大屏幕通用计算机 单个装ADG98838,22.00,10万+,晨光京东自营官方旗舰店
CASIO卡西欧计算器fx-991CN X中文版函数科学计算器学生考试专用物理化学竞赛大学考研 灰白+四件套,158.00,5000+,凯迪鑫发办公专营店
得力(deli)双电源电脑按键计算器 12位金属面板桌面计算机 财务及银行人员适用 办公用品 银色2137,45.00,10万+,得力京东自营官方旗舰店
晨光(M&G)文具白色82ES-PLUS函数计算器 学生科学计算机(适用初高中) 单个装ADG98713,49.00,2万+,晨光京东自营官方旗舰店
得力(deli)时尚办公双电源计算器 12位大屏显示计算机 玫瑰金1576A,36.00,20万+,得力京东自营官方旗舰店
齐心(Comix)双电源电脑按键计算器 12位大屏横式计算机 财务及银行人员适用 办公用品 白色C-2135,42.00,20万+,齐心京东自营官方旗舰店
卡西欧（CASIO）GY-120 语音计算器 真人语音发音大号计算机,89.00,1万+,环中线办公专营店
广博(GuangBo)财务计算器太阳能/电池大屏幕电脑按键计算机/办公用品 NC-200GB,27.00,2万+,广博京东自营官方旗舰店
希赛网2022年新版计算机软考高级【系统分析师】考试学习视频教程资料课件网课 VIP保障班【在线网络课堂+全套教材+真题+视频】,7388.00,100+,希赛教育官方旗舰店
得力(deli) 时尚款函数计算器 双行LCD大屏显示 240种功能考试计算机(适用于初高中生) 浅蓝色1700,20.90,10万+,得力京东自营官方旗舰店
得力(deli)大屏金色面板语音计算器 12位显示真人语音计算机 办公用品 27560,27.90,20万+,得力京东自营官方旗舰店
广博(GuangBo) 语音型计算器大号12位日期闹钟计算机 单个装NC-1683,29.00,10万+,广博京东自营官方旗舰店
得力（deli） 计算器语音计算机 财务专用计算器语音大按键办公用品 1559n 金属拉丝面板-金色,29.90,5万+,斯美奇办公用品专营店
小米生态KACO乐迈计算器太阳能电池双电源光电双驱动简约白色大屏财务办公会计专用学生考试科学 红色,45.90,2000+,京产智能旗舰店
CASIO卡西欧 FX-95CN X 中文版函数科学计算器一二级建造师学生考试用计算机 黑色【保护套，笔，电池，螺丝刀】,128.00,500+,凯迪鑫发办公专营店
科学计算器学生考试专用大学生考研一建二建注会考试多功能三角工程函数计算机 黑色（240种计算功能）,12.80,1000+,墨子办公专营店
卡西欧（Casio）LC-401LV随身出差轻巧编携计算器8位小号小型学生用翻盖式计算机 黑色,24.90,200+,斯美奇办公用品专营店
得力(deli)12位数通用语音计算机 桌面语音计算器 黑色837Y,22.00,100万+,得力京东自营官方旗舰店
齐心（Comix）双电源时尚计算器 桌面计算机 学生/办公文具用品 粉橙色 C-1375,29.00,2000+,齐心京东自营官方旗舰店
得力(deli)时尚款函数计算器 双行LCD大屏显示 240种功能考试计算机(适用于初高中生) 白色1700,20.90,10万+,得力京东自营官方旗舰店
希赛网 2022计算机软考职称中级电子商务设计师考试培训视频教程教材资料真题题库课件在线网络课程 VIP保障班【全程在线课堂+全套教辅+不过重修】,4688.00,6,希赛教育官方旗舰店
卡西欧（CASIO）FX-82ES PLUS A多功能函数科学计算器初高中学生用考研会计师考试 智黑,59.00,1万+,众匠办公数码专营店
广博(GuangBo)12位大屏语音型计算器财务办公计算机器 NC-1681,21.00,10万+,广博京东自营官方旗舰店
得力(deli)双电源平板式计算器 12位大屏桌面计算机 白色 1548A,36.90,20万+,得力京东自营官方旗舰店
得力（deli）便携型迷你计算器太阳能双电源学生用考试计算机时尚高颜值彩色小号计算器 樱花粉-双电源12位数大屏,19.90,200+,得力麦多专卖店
夏普（SHARP）EL-2135电脑大按键银行财务会计出纳计算器12位数太阳能桌面电子商务办公 EL-2135灰色【宽190MM*高154MM】,108.00,1000+,众匠办公数码专营店
希赛网 2022计算机软考中级职称信息系统管理工程师考试精讲视频教材课件资料真题题库在线培训课程 VIP保障班【全程在线课堂+全套教辅+不过重修】,4688.00,29,希赛教育官方旗舰店
夏普（SHARP） EL-2135 Plus 灰色太阳能双电源计算器 财务会计专用大屏幕计算机器 办公用品 2135升级版,118.00,5万+,信鹏发京东自营旗舰店
广博（GuangBo)文具白色直板计算器 时尚桌面计算机 学生/办公通用12位大屏计算机N31660,35.00,10万+,广博京东自营官方旗舰店
CASIO卡西欧计算器fx-991CN X中文版函数科学计算器学生考试专用物理化学竞赛大学考研 天蓝+四件套,158.00,5000+,凯迪鑫发办公专营店
天色 糖果色简约计算器 12位大屏时尚桌面计算机平板便携 办公用品 TS-1721 竹青绿,25.00,200+,天色办公生活京东自营旗舰店
得力2136计算器电脑键盘 财务用大号按键计算机银行办公太阳能12位大屏记算器会计多功能商务超大金融 2136白色,33.00,5000+,贝誉办公专营店
希赛网2022年新版计算机软考高级【系统分析师】考试学习视频教程资料课件网课 VIP保障班【在线网络课堂+全套教材+真题+视频】,7388.00,100+,希赛教育官方旗舰店
得力(deli)大屏12位语音计算器计算机 男女真声切换 电子琴功能可弹音乐 办公用品 蓝灰色1555,59.00,5万+,得力京东自营官方旗舰店
晨光(M&G)文具学生计算器 便携型迷你计算机 8位显示塑胶按键计算器 单个装颜色随机ADG98169,18.50,2万+,晨光京东自营官方旗舰店
得力(deli)电脑按键语音计算器 12位大屏显示语音计算机 财务及银行人员适用 白色1552,43.90,50万+,得力京东自营官方旗舰店
晨光(M&G)文具学生双电源计算器 便携型计算机 8位显示LED显示屏计算器 单个装颜色随机ADG98154,22.00,2万+,晨光京东自营官方旗舰店
晨光计算机太阳能双电源计算器标朗记算器办公用品98837标准12位学生小型便携迷你 经济适用款 黑色98837,10.90,2000+,晨光信达专卖店
得力(deli)双电源桌面办公计算器 12位大屏幕桌面计算机 办公文具用品 837ES,12.50,100万+,得力京东自营官方旗舰店
天色;财务计算器;大显示计算器;多功能计算器大按键;商务商务办公学生电子计算机 多功能计算器TS-1720,19.90,5000+,天色耗材旗舰店
广博（GuangBo)函数科学计算器 240种功能考试计算机(适用于初高中生) NC-82MS,26.00,10万+,广博京东自营官方旗舰店
卡西欧（CASIO）计算器学生用函数多功能科学计算机初中高考试CPA专用注会考试FX-82ES计算器 官方标配 智黑,59.00,1万+,西语办公专营店
得力(deli)双电源便携款时尚计算器 轻薄机身硅胶按键桌面计算机 办公用品 浅红1200,19.90,50万+,得力京东自营官方旗舰店
得力（deli）函数科学计算器大学生考试专用一建二建注会考试 多功能三角工程函数器 「推荐」1700P【航天款/240种功能】深灰,26.50,1万+,文博汇办公用品专营店
得力(deli)双电源宽屏办公桌面计算器 财务计算机 办公用品 银白色1653,38.00,10万+,得力京东自营官方旗舰店
卡西欧（CASIO）FX-991CN X中文版函数科学计算器多功能物理化学竞赛大学生考研考试 黑色+【保护袋+备电池+螺丝刀+手机架】,158.00,2万+,众匠办公数码专营店
得力（deli） D82TM 函数计算器学生数学可爱多功能科学计算机考试 深蓝色,19.50,2万+,斯美奇办公用品专营店
得力（deli）函数科学计算器大学生考试专用一建二建注会考试 多功能三角工程函数器 「推荐」1700【高颜值/240种功能】粉色,20.90,1万+,文博汇办公用品专营店
得力(deli)双电源宽屏办公桌面计算器 财务计算机 办公文具用品 1654银灰,29.90,1000+,得力迅购专卖店
晨光(M&G)文具白色无缝按键计算器 双电源桌面计算机 时尚办公平板式计算器 单个装ADG98719,45.00,2万+,晨光京东自营官方旗舰店
齐心(Comix)双电源计算器 12位宽屏财务计算机 办公文具用品 中号C-2035,28.00,20万+,齐心京东自营官方旗舰店
得力(deli)12位大屏幕桌面语音计算器 大按键带闹铃桌面语音计算机 金色,34.50,100万+,得力京东自营官方旗舰店
得力计算器桌面办公用太阳能宽屏金融商务计算机大号财务会计速打银行多功能12位双电源计算器 大屏白色,49.90,2000+,西语办公专营店
带语音计算器粉色真人发音会计专用少女心计算机可爱办公服装店商用型小号学生高颜值多功能声音 双电源/樱花粉/1个/贴纸6张+10支笔+电池,26.60,8,祥妃办公用品旗舰店
卡西欧（CASIO）MY/DY/GY-120电子台式语音计算器大中小号商务办公用会计财务抖音乐 GY-120大号金色【宽155MM*高202MM】,89.00,5000+,众匠办公数码专营店
CASIO卡西欧语音计算器GY-120真人发音大号计算机大屏幕财务会计办公专用可弹奏音乐 GY-120红色大号【送电池+中性笔】,89.00,2000+,简术办公专营店
得力(deli)大屏金色面板语音计算器 12位显示真人语音计算机 办公文具用品 27559,32.00,20万+,得力京东自营官方旗舰店
得力（deli）计算器水晶大按键大屏幕语音型计算机真人发音财务计算器 经典款桌面计算器837es,11.50,2万+,名乔办公专营店
6.5寸可充电手写板计算器会计多功能可爱无声折叠手写计算机 玫红色 充电款计算机(主图款),118.00,3,环亚太办公设备专营店
卡西欧（CASIO）FX-82ES PLUS A多功能函数科学计算器初高中学生用考研会计师考试 慧白,59.00,1万+,众匠办公数码专营店
桌别邻 计算器手写板学生财务专用 多功能计算机草稿板商务办公 小型折叠便携迷你 充电折叠款-黑色,63.00,1000+,桌别邻官方旗舰店
科学计算器考试专用大学函数计算机便携小型大学生考研多功能学生用一建会计注会考试建筑工程统计学带入考场 黑色【50台起】专拍价(拍50个以下,13.00,2,玉自寒办公专营店
得力(deli)大屏金色面板语音计算器 12位显示真人语音计算机 办公文具用品 27559,32.00,20万+,得力京东自营官方旗舰店
飞兹(fizz) 双电源太阳能桌面计算器 12位大屏显示计算机 办公文具用品 深蓝色 FZ66806,45.00,1万+,fizz京东自营旗舰店
得力(deli)财务办公桌面计算器 耐磨按键桌面计算机 办公用品 银色1674,35.00,20万+,得力京东自营官方旗舰店
得力（deli）计算器会计财务专用大号大屏计算机学生用文具办公12位大按键带语音多功能桌面计算 837ES- 非语音,11.50,1000+,得力墨子专卖店
得力(deli)财务办公桌面计算器 耐磨按键桌面计算机 办公用品 银色1673,29.00,20万+,得力京东自营官方旗舰店
得力(deli) 时尚款函数计算器 双行LCD大屏显示 240种功能考试计算机(适用于初高中生) 浅粉色1700,20.90,10万+,得力京东自营官方旗舰店
卡西欧（CASIO）FX-95CN X一级二级建造师造价工程师考试计算器多功能函数科学成人高考 黑色+【保护袋+备电池+螺丝刀+手机架】,128.00,2000+,众匠办公数码专营店
晨光(M&G)文具双电源电脑按键计算器 12位大屏桌面计算机(财务及银行人员适用) 办公用品 单个装ADG98133,35.00,5万+,晨光京东自营官方旗舰店
得力计算器双电源平板计算机多功能办公大按键算数器学生时尚简约便携式计算器 1548A白色,36.90,1000+,得力麦多专卖店
得力(deli)双电源时尚计算器 轻薄机身平板按键桌面计算机 办公用品 黑色1589P,49.00,20万+,得力京东自营官方旗舰店
卡西欧 FX-350CN X 中文版注册会计师 一二级建造价师 考试计算器 学生考试科学函数,98.00,5000+,环中线办公专营店
卡西欧（CASIO）FX-82ES PLUS A-2 科学函数学生计算器 初中高中大学考试专用计算机 黑色,59.00,1万+,环中线办公专营店
得力(deli)D991CN中文版双电源带保护盖科学函数计算器计算机 推荐中学大学教程及全国奥数物理竞赛使用 黑色,76.90,20万+,得力京东自营官方旗舰店
得力(deli)双电源时尚计算器 轻薄机身平板按键桌面计算机 办公用品 红色,41.90,20万+,得力京东自营官方旗舰店
深入理解计算机系统（原书第3版）,139.00,10万+,机械工业出版社自营官方旗舰店
齐心（Comix）双电源时尚计算器 桌面计算机 学生/办公文具用品 珍珠白 C-1375,29.00,2000+,齐心京东自营官方旗舰店
齐心（COMIX）双电源宽屏桌面办公计算器 财务计算机 办公文具用品C-1232M,31.00,20万+,齐心京东自营官方旗舰店
齐心(Comix) 桌面办公计算器 12位大屏幕语音计算机 办公文具用品 黑色 C-9680,16.50,20万+,齐心京东自营官方旗舰店
得力(deli)双电源电脑按键计算器 12位大屏横式计算机 财务及银行人员适用 办公文具用品 白色2135,49.90,10万+,得力京东自营官方旗舰店
得力(deli)水晶按键12位语音计算器 闹铃功能语音计算机 格调灰,42.00,20万+,得力京东自营官方旗舰店
得力(deli)双电源便携款时尚计算器 轻薄机身硅胶按键桌面计算机 办公用品 浅蓝1200,19.90,50万+,得力京东自营官方旗舰店
得力（deli）便携型迷你计算器太阳能双电源学生用考试计算机时尚高颜值彩色小号计算器 清澈蓝-双电源12位数大屏,19.90,200+,得力麦多专卖店
得力（deli）便携型迷你计算器太阳能双电源学生用考试计算机时尚高颜值彩色小号计算器 简约白-双电源12位数大屏,19.90,200+,得力麦多专卖店
包邮2022年3月未来教育全国计算机等级考试二级MS office上机题库+模拟考场真题试卷习题,38.80,2万+,佰通教育专营店
得力(deli)D991ES双电源学生科学函数计算器计算机 易拉式保护盖 黑色,66.50,10万+,得力京东自营官方旗舰店
科学计算器学生考试专用大学生考研一建二建注会考试多功能三角工程函数计算机 蓝色（240种计算功能）,12.80,1000+,墨子办公专营店
科学计算器学生考试专用大学生考研一建二建注会考试多功能三角工程函数计算机 绿色（240种计算功能）,12.80,1000+,墨子办公专营店
CASIO卡西欧计算器fx-991CN X中文版函数科学计算器学生考试专用物理化学竞赛大学考研 粉色+四件套,158.00,5000+,凯迪鑫发办公专营店
得力(deli)大屏12位语音计算器计算机 男女真声切换 电子琴功能可弹音乐 蓝灰色,45.50,5万+,得力京东自营官方旗舰店
科学计算器学生用函数计算机一建会计专用大学便携可爱创意时尚小学中学生四年级注会中高考建筑师考试 升级款 / 睿智黑+2支考试笔+2粒电池+1螺丝刀,16.80,1万+,西语办公专营店
得力(deli)D82MS函数科学计算器 240种功能考试计算机(适用于初高中生) 深蓝,19.90,20万+,得力京东自营官方旗舰店
得力(deli)大屏幕双行显示滑动保护盖设计函数型计算器 科学计算机 深蓝,26.20,10万+,得力京东自营官方旗舰店
天色 糖果色简约计算器 12位大屏时尚桌面计算机平板便携 办公用品 TS-1721 珍珠白,25.00,200+,天色办公生活京东自营旗舰店
得力(deli)D82MS函数科学计算器 240种功能考试计算机(适用于初高中生) 浅蓝,19.90,20万+,得力京东自营官方旗舰店
得力(deli)双电源财务计算器 12位大屏桌面计算机 白色,55.00,50万+,得力京东自营官方旗舰店
得力(deli)D82MS函数科学计算器 240种功能考试计算机(适用于初高中生) 浅粉,19.90,20万+,得力京东自营官方旗舰店
得力(deli)双电源平板式计算器 12位大屏桌面计算机 白色 1548A,36.90,20万+,得力京东自营官方旗舰店
新绿天章TG-837计算器/计算机 双电源12位桌面办公经典通用款便携式太阳能计算器 附赠电池,15.00,2万+,天章京东自营官方旗舰店
齐心（COMIX）双电源宽屏办公桌面计算器 财务计算机 银黑色 EC23,31.00,5万+,齐心京东自营官方旗舰店
齐心(Comix)时尚函数计算器 240种功能科学计算机(适用于初高中生)C-82MS深蓝,19.00,5000+,齐心京东自营官方旗舰店
得力(deli)水晶按键12位语音计算器 亚克力面板语音计算机 银色1526ES,32.00,100万+,得力京东自营官方旗舰店
得力(deli)双电源商务办公桌面计算器 12位大屏塑胶按键桌面计算机,55.00,50万+,得力京东自营官方旗舰店
得力(deli)双电源便携款时尚计算器 轻薄机身硅胶按键桌面计算机 办公用品 浅红1200,19.90,50万+,得力京东自营官方旗舰店
晨光(M&G)文具金色金属面板计算器 语音型桌面计算机 学生/办公通用12位大屏幕计算器 单个装ADG98137,29.90,5万+,晨光京东自营官方旗舰店
晨光(M&G)文具电脑按键计算器 太阳能双电源桌面计算机(财务可用) 12位大屏幕计算机 单个装ADG98198,45.00,10万+,晨光京东自营官方旗舰店
得力 函数计算器学生科学计算机多功能注会一建考试用计算器初高中生考研统计机器 1700天空蓝,20.90,5000+,得力麦多专卖店
得力（deli）函数科学计算器大学生考试专用一建二建注会考试 多功能三角工程函数器 「推荐」1700P【航天款/240种功能】白色,26.50,1万+,文博汇办公用品专营店
晨光语音计算器大按键屏幕学生用考试大学可爱韩国个性创意女糖果色新款记算器多功能真人发音弹音乐器 粉色98725(语音型)配2节电池,27.80,500+,彤学办公专营店
得力(deli)可查数后退修正语音计算器 真人语音播报计算机 银色1554,45.00,100万+,得力京东自营官方旗舰店
得力(deli)82CN中文版双电源大屏函数计算器计算机 运算中文显示 适用于小/初/高教学教程 白色,69.00,20万+,得力京东自营官方旗舰店
得力(deli)12位带闹铃语音办公桌面计算器计算机 白色,39.00,5万+,得力京东自营官方旗舰店
得力(deli)双电源经典商务桌面计算器 12位大屏记忆储存桌面计算机,39.00,50万+,得力京东自营官方旗舰店
夏普（SHARP）EL-2135电脑大按键银行财务会计出纳计算器12位数太阳能桌面电子商务办公 EL-2135酒红【宽190MM*高154MM】,108.00,1000+,众匠办公数码专营店
得力函数计算器科学计算机小学生计算器 四年级240种功能大学中学生便携可爱创意时尚多功能器 浅粉色,20.90,1000+,西语办公专营店
卡西欧(CASIO)DJ-120D plus 财务会计专用计算器三百步回查办公计算机 DJ-120D Plus,95.00,500+,环中线办公专营店
HUIGE 大号折叠翻盖语音计算器 多功能12位数学生计算机 可随身携带便携式真人发音计算器 大号折叠语音款,35.80,100+,绘格办公专营店
得力（deli）函数科学计算器大学生考试专用一建二建注会考试 多功能三角工程函数器 「推荐」1710【经典款/240种功能 】黑色,26.20,1万+,文博汇办公用品专营店
卡西欧（CASIO）FX-82ES PLUS A-2 科学函数学生计算器 初中高中大学考试专用计算机 白色,63.00,1万+,环中线办公专营店
天色 太阳能计算器 12位 非语音计算机 大按键 财务多功能计算机 学生办公计算器 ts-1720（不带语音）,19.90,1万+,天色办公用品专卖店
得力(deli)双行大屏幕显示科学计算器 双电源函数计算机(适用于小初高中) 白色,55.00,20万+,得力京东自营官方旗舰店
得力(deli)双电源电脑按键计算器 12位金属面板桌面计算机 财务及银行人员适用 办公用品 蓝色2137,45.00,1万+,得力京东自营官方旗舰店
卡西欧（CASIO）语音计算器 大按键大屏幕真人发音计算机12位数可弹奏音乐 MY-120 小号蟠龙金,45.00,2000+,斯美奇办公用品专营店
小号计算器迷你可爱学生考试计算器静音带挂绳计算机便携式小型计算器薄无声计算机无语音可挂脖子上的计算器 DC-109黑色【带绳】,9.98,200+,谦临办公文具专营店
伊达时DC-109迷你计算器可爱小计算器小巧便携带绳子可挂脖子计算机小学生礼品计算器 109黑色,9.90,5000+,伊达时官方旗舰店
得力计算器学生用便携平板太阳能计算机大号大屏大按键可爱韩国糖果色个性创意多功能新款电子记算器女时尚 白色,33.00,2000+,西语办公专营店
CASIO卡西欧语音计算器GY-120真人发音大号计算机大屏幕财务会计办公专用可弹奏音乐 DY-120红色中号【送电池+中性笔】,79.00,2000+,简术办公专营店
晨光(M&G)文具香槟金语音型计算器 桌面办公计算机 学生/办公通用12位大屏幕计算器 单个装ADG98740,28.50,5万+,晨光京东自营官方旗舰店
得力(deli)可查数后退修正语音计算器 真人语音播报计算机 金色1554,45.00,100万+,得力京东自营官方旗舰店
得力（deli）计算器水晶大按键大屏幕语音型计算机真人发音财务计算器 【推荐款】水晶按键大面板1559N,29.90,2万+,名乔办公专营店
佳能（Canon）WS-2235H银行财务会计出纳电脑键盘计算器12位数太阳能电子商务台式办公,78.00,200+,众匠办公数码专营店
晨光(M&G)文具银色金属面板计算器 语音型桌面计算机 学生/办公通用12位大屏幕计算器 单个装ADG98120,42.00,5万+,晨光京东自营官方旗舰店
卡西欧CASIO FX-82ES PLUS A科学函数计算器初中高中会计师一建考试计算机 FX-82ES PLUS A（英文版蓝色）,59.00,1万+,华宋办公专营店
得力(deli)12位大屏幕桌面语音计算器 大按键带闹铃桌面语音计算机 金色,34.50,100万+,得力京东自营官方旗舰店
卡西欧（CASIO）MY/DY/GY-120电子台式语音计算器大中小号商务办公用会计财务抖音乐 DY-120中号金色【宽128MM*高176MM】,79.00,5000+,众匠办公数码专营店
得力计算器办公用会计专用太阳能计算器学生便携双电源计算机办公用品 经典款837ES,11.50,500+,得力麦多专卖店
晨光(M&G)文具语音计算器 桌面办公计算机 学生/办公通用12位大屏幕计算器 单个装ADG98738,38.50,5万+,晨光京东自营官方旗舰店
晨光标朗计算器大号大屏大电脑按键财务会计专用太阳能多功能办公用商务型带语音大学生考试办公室用品 【电脑按键 大号财务】MG-2135双电,36.80,200+,彤学办公专营店
得力（deli）1209A 计算器可爱 迷你便携办公太阳能糖果色小号 小清新小学生计算机 粉红色,18.90,5000+,得力办公官方旗舰店
晨光(M&G)文具双电源电脑按键计算器 12位大屏桌面计算机(财务及银行人员适用) 办公用品 单个装ADG98133,35.00,5万+,晨光京东自营官方旗舰店
卡西欧（CASIO）MY/DY/GY-120电子台式语音计算器大中小号商务办公用会计财务抖音乐 GY-120大号黑色【宽155MM*高202MM】,89.00,5000+,众匠办公数码专营店
得力(deli)水晶按键12位语音计算器 亚克力面板语音计算机 金色1526ES,32.00,100万+,得力京东自营官方旗舰店
齐心(Comix)小型语音计算器 12位大屏计算机 考试办公用品 黑色C-818,22.80,20万+,齐心京东自营官方旗舰店
得力计算器双电源平板计算机多功能办公大按键算数器学生时尚简约便携式计算器 简约白 1589,41.90,1000+,得力麦多专卖店
飞兹(fizz) 双电源太阳能桌面计算器 12位大屏显示计算机 办公/学生文具用品 浅蓝色 FZ66806,45.00,1万+,fizz京东自营旗舰店
得力(deli)12位数通用语音计算机 桌面语音计算器 黑色837Y,22.00,100万+,得力京东自营官方旗舰店
卡西欧（CASIO）MH-12/DH-12新款台式会计出纳财务计算器12位数太阳能电子商务办公 DH-12中号黑色(宽151mm*高159mm),42.00,2000+,众匠办公数码专营店
卡西欧（CASIO）语音计算器 大按键大屏幕真人发音计算机12位数可弹奏音乐 GY-120 大号琉璃黑,89.00,2000+,斯美奇办公用品专营店
晨光(M&G)文具银色语音型计算器 水晶按键桌面计算机 学生/办公通用12位大屏幕计算器 单个装ADG98101,29.90,10万+,晨光京东自营官方旗舰店
卡西欧（CASIO）语音计算器 大按键大屏幕真人发音计算机12位数可弹奏音乐 GY-120 大号蟠龙金,89.00,2000+,斯美奇办公用品专营店
得力(deli)双电源时尚计算器 轻薄机身平板按键桌面计算机 办公用品 蓝色,49.00,20万+,得力京东自营官方旗舰店
联想ThinkBook 13x 高端超轻薄笔记本 英特尔Evo平台 13.3英寸 (i7-1160G7 16G 512G 2.5K全面屏 Win11),6999.00,20万+,ThinkPad京东自营旗舰店
华硕（ASUS）VivoBook14 2021 英特尔酷睿 新品14英寸IPS高清屏轻薄本电脑 冰晶银 11代i5 16G 512G 锐炬显卡,4399.00,1万+,华硕电脑京东自营官方旗舰店
华硕（ASUS）VivoBook15 15.6英寸ips高清屏新品双硬盘轻薄笔记本电脑 银色11代i5 12G 256G+1TB 2G独显,4699.00,5000+,华硕电脑京东自营官方旗舰店
戴尔DELL成就3400 14英寸轻薄性能商务全面屏笔记本电脑(11代i5-1135G7 16G 512G)一年上门+7x24远程服务,3899.00,5万+,戴尔京东自营官方旗舰店
华硕（ASUS）VivoBook15 2021版 11代英特尔酷睿 15.6英寸轻薄办公电脑 i5-1135G7 16G 512G固态 锐炬显卡 银色,4299.00,5万+,华硕电脑官方旗舰店
华硕a豆 Redolbook14 锐龙版 14英寸7nm八核高性能轻薄本 学生商务办公电脑(R7 16G 512G DC调光)银,3999.00,2万+,华硕京东自营官方旗舰店
【酷睿i9-9880H】笔记本电脑 15.6英寸全面屏 女生款轻薄本 品纯手提学生办公独显游戏本 指纹解锁 十代四核英特尔J4125 16G内存 512G固态硬盘,2699.00,2000+,品纯官方旗舰店
神舟(HASEE)战神S7-TA5NB 15.6英寸游戏笔记本电脑 (新11代酷睿i5-11260H RTX3050 4G 144Hz 8G512GSSD),5599.00,5万+,神舟电脑京东自营旗舰店
联想小新15 2021金属超轻薄笔记本电脑 学生办公 高色域设计师游戏本 六核锐龙R5-5500U 16G内存 512G固态 升级版 广视角高清全面屏【DC调光护眼无闪烁】,5799.00,10万+,联想华东授权专卖店
神舟(HASEE)战神Z7-TA7NP 15.6英寸游戏笔记本电脑(新11代酷睿i7-11800H RTX3050 4G 16G 512GSSD 144Hz),6499.00,5万+,神舟电脑京东自营旗舰店
Apple MacBook Air 13.3 新款八核M1芯片(7核图形处理器) 8G 256G SSD 深空灰 笔记本电脑 MGN63CH/A,7999.00,5万+,Apple产品京东自营旗舰店
RedmiBook Pro 14增强版 轻薄本(i5-11320H 16G 512G 锐炬Xe显卡 2.5K超视网膜全面屏) 红米小米电脑,4899.00,2万+,小米京东自营旗舰店
ROG魔霸5R Plus 17.3英寸165Hz2K屏液金导热游戏本笔记本电脑(超频版8核锐龙R9 5900HX 16G 1T RX6800M 12G),13999.00,2000+,玩家国度ROG京东自营官方旗舰店
戴尔笔记本电脑Dell灵越15Plus 英特尔酷睿 15.6英寸轻薄全能本设计师 i7-11800H 16G 512G RTX3050 银,7499.00,2万+,戴尔京东自营官方旗舰店
戴尔(DELL)游匣G15 15.6英寸游戏笔记本电脑(11代英特尔酷睿i7-11800H 16G 512G RTX3060 165Hz 100%sRGB)黑,7999.00,5万+,戴尔京东自营官方旗舰店
戴尔DELL成就14-3400 14英寸轻薄性能商务全面屏笔记本电脑(11代i7-1165G7 16G 512G)一年上门+7x24远程服务,4999.00,5万+,戴尔京东自营官方旗舰店
戴尔(DELL)游匣G15 15.6英寸游戏笔记本电脑(11代英特尔酷睿i5-11260H 16G 512G RTX3050Ti 165Hz)黑,6699.00,5万+,戴尔京东自营官方旗舰店
戴尔（DELL）笔记本灵越15-3511 15.6英寸超极本轻薄家用学生网课商务办公游戏电脑 四核酷睿i5-1035G1 高性能集显 16G内存 512GPCIE固态硬盘 热款选择,4369.00,10万+,戴尔华宏创天专卖店
联想ThinkBook 13x 高端超轻薄笔记本 英特尔Evo平台 13.3英寸 (i5-1130G7 16G 512G 2.5K全面屏 Win11),6299.00,20万+,ThinkPad京东自营旗舰店
联想小新Air14 酷睿i5处理器14英寸高色域全面屏超轻薄笔记本电脑学生设计办公游戏本 i5-1155G7 8G 512G 核显 定制版 IPS全面屏 金属机身,5588.00,2万+,联想西南授权专卖店
联想小新AIR14 锐龙版R5六核 2021新款 高色域手提学生轻薄本办公商务超薄笔记本电脑游戏本 新锐定制丨R5-5500U 8G 512G固态,5499.00,10万+,联想华北授权专卖店
戴尔笔记本电脑Dell灵越15Plus 英特尔酷睿 15.6英寸轻薄全能本设计师 i7-11800H 16G 512G RTX3050Ti 银,7999.00,2万+,戴尔京东自营官方旗舰店
华为笔记本电脑 MateBook 13 2020 锐龙版 13英寸 R7 4800H 16G+512G 2K触控全面屏 多屏协同 轻薄本 皓月银,5699.00,5000+,华为京东自营官方旗舰店
惠普(HP)星14 青春版 14英寸轻薄窄边框笔记本电脑(R5-4500U 16G 512GSSD UMA FHD IPS)银,4199.00,5万+,惠普京东自营官方旗舰店
华为笔记本电脑MateBook 14 2021款 14.0英寸11代酷睿i5 16G 512G 锐炬显卡/2K触控轻薄本 /多屏协同 深空灰,5999.00,1万+,华为京东自营官方旗舰店
Apple MacBook Pro 13.3 新款八核M1芯片 16G 512G SSD 深空灰 笔记本电脑 轻薄本 Z11C,12699.00,5万+,Apple产品京东自营旗舰店
联想笔记本电脑ThinkPad X1 Nano 英特尔Evo平台 13英寸 11代酷睿i7 16G 512G 高色域 /16:10微边框2K,9969.00,2万+,ThinkPad京东自营旗舰店
联想小新AIR14 锐龙版R5六核 2021新款 高色域手提学生轻薄本办公商务超薄笔记本电脑游戏本 PLUS旗舰R7-5800U 16G 256G固态,6499.00,10万+,联想华北授权专卖店
联想笔记本电脑ThinkPad X1 Carbon 2021款 英特尔Evo平台 14英寸11代酷睿i5 16G 512G /4G版/16:10微边框,9969.00,2万+,ThinkPad京东自营旗舰店
戴尔(DELL) Latitude 智锐 3510 15.6英寸 笔记本(i5-10210U 8G 512G MX230 2G FHD W10H 1年质保),4199.00,5000+,戴尔商用京东自营旗舰店
攀升MaxBookP2 15.6英寸商务办公轻薄笔记本电脑金属机身180°开合【JD物流】 Intel 四核处理器 8G 256G,1999.00,1000+,攀升官方旗舰店
华硕（ASUS）VivoBook15 2021 15.6英寸IPS高清屏新品 双硬盘轻薄电脑 银色11代i7 12G 256G+1T MX330,5699.00,2000+,华硕电脑京东自营官方旗舰店
华硕无畏15 OLED轻薄商务办公学生笔记本电脑(R7-5700U 16G 512G 100%DCI-P3 高色域 600尼特 护眼屏 金属)银,4999.00,2万+,华硕京东自营官方旗舰店
联想ThinkPad E14 2021 居家办公本 酷睿版 英特尔酷睿i5 14英寸轻薄笔记本(i5-1135G7 16G 512G 100%sRGB)银,5299.00,5万+,ThinkPad京东自营旗舰店
华为笔记本电脑MateBook 13s 2021 11代酷睿i7-11370H 16G 512G锐炬显卡/13.4英寸全面触控屏/轻薄办公本 银,7999.00,2000+,华为京东自营官方旗舰店
宏碁(Acer)非凡S3 英特尔Evo超能轻薄本 14英寸Win11办公笔记本电脑 学生本（11代酷睿i5 16G 512G 雷电4）蓝,4599.00,2万+,宏碁京东自营旗舰店
华为笔记本MateBook 14 2021款高清触控全面屏14s超极本轻薄便携学生商务办公手提电脑 深空灰｜11代i5 16G+512G集显｜抢先订 官方标配,6299.00,200+,华为兴汇聚专卖店
戴尔（DELL）3400灵越5000 14英寸酷睿i5超极本轻薄便携学生游戏商务办公手提电脑 成就 酷睿i5-1035G1 16G内存/512G高速固态【定制版】,4399.00,1万+,戴尔阳光雨尉专卖店
联想小新Pro14 win11新品超轻薄笔记本电脑2.8K高分高刷屏十一代标压酷睿i5-11320H 16G内存 512G高速固态 标配版 100%sRGB 高色域 全面屏,6399.00,2万+,联想西南授权专卖店
联想ThinkBook 14 锐龙版 2021新款超轻薄商务办公学生手提游戏高色域笔记本电脑14英寸 R5-5500U 16G 512G 标配 100%sRGB高色域 IPS高清屏丨指纹解锁,4999.00,2000+,ThinkPad广东授权专卖店
联想小新Pro14 win11新品轻薄本14英寸高色域2.8K屏锐龙标压金属机身轻薄手提电脑 R5-5600H 16G内存 512G固态 2.8K超清屏 人脸识别开机,6099.00,1万+,联想众信授权专卖店
荣耀笔记本电脑MagicBook X 15轻薄本手提商务办公超级本华为多屏协同 银｜i5-10210U 8GB 512GB 官方标配,4099.00,2000+,荣耀官方授权专卖店
华为笔记本电脑MateBook 14 2021款 14.0英寸11代酷睿i5 16G 512G 锐炬显卡/2K触控轻薄本 /多屏协同 深空灰,6299.00,1万+,华为京东自营官方旗舰店
联想小新Air14 2021 酷睿版i5 高性能超轻薄笔记本电脑 手提商务办公全面屏游戏本电脑 定制：I5-1155G7｜8G｜512G｜锐钜,5399.00,1万+,联想华北授权专卖店
华为笔记本电脑 MateBook D 14 2021款 14英寸 11代酷睿 I5 16G+512G 轻薄本/护眼全面屏/多屏协同/Wifi 6 银,5399.00,2万+,华为京东自营官方旗舰店
联想笔记本电脑ThinkBook 14p AMD锐龙标压 14英寸高性能轻薄本 全面屏 R5-5600H 16G 512G 16:10 2.2K高色域,5799.00,2万+,ThinkPad京东自营旗舰店
联想威6 2021全新11代酷睿 15.6英寸高性能学生游戏超轻薄商务办公本手提电脑 11代酷睿定制i3-1115G4 16G 512G 防眩光屏 长续航电池 WiFi6 虹光银,5199.00,5000+,联想扬天京东自营授权旗舰店
Apple MacBook Air 13.3 新款8核M1芯片(7核图形处理器) 8G 256G SSD 银色 笔记本电脑 MGN93CH/A,7999.00,5万+,Apple产品京东自营旗舰店
晨光(M&G)文具A5/25K 80张黑色办公笔记本子 会议记录皮面本 普惠型日记本商务记事本子 单本装APYE4K78,8.00,10万+,晨光京东自营官方旗舰店
联想笔记本ThinkPad P15v(02CD)英特尔酷睿 15.6英寸高性能本设计师工作站(i7-10750H 16G 512G P620 4G独显),8799.00,2万+,ThinkPad京东自营旗舰店
华硕笔记本电脑新款第11代酷睿处理器15.6英寸大屏游戏本窄边框轻薄本手提电脑V5200 15.6英寸银色i7-1165G7锐炬XE显卡 推荐配置 16G内存丨512G固态,5399.00,2000+,华硕天溥专卖店
【4本装】朗捷商务笔记本子a5羊巴皮面记事本复古笔记本文具b5加厚日记本A4会议记录本可定制logo 4本通用装A5（黑色1，棕色1，卡其色1，酒红1）,29.80,10万+,朗捷京东自营旗舰店
联想ThinkBook 14 酷睿版 14英寸轻薄笔记本电脑 100%sRGB高色域 银灰色 i5-1135G7 16G 512G 锐炬显卡 14英寸,5499.00,5000+,ThinkBook京东自营旗舰店
联想ThinkBook 14 酷睿版 14英寸轻薄笔记本电脑 100%sRGB高色域 银灰色 i7-1165G7 16G 512G MX450 14英寸,6999.00,5000+,ThinkBook京东自营旗舰店
华硕无畏Pro14 锐龙版 2.8K OLED轻薄笔记本电脑(R7-5800H 16G 512G 100%DCI-P3 高色域600尼特90Hz护眼屏)银,5799.00,2万+,华硕京东自营官方旗舰店
超轻薄便携笔记本电脑 商务办公大学生网课手提超薄本 英特尔酷睿四线程 I3 高性能 8G内存 512GB固态 银色丨新锐标配,3799.00,2万+,联想华北授权专卖店
联想ideaPad 15S 酷睿i5独显版 15.6英寸轻薄笔记本电脑手提办公学生网课设计游戏本 i5-10210U 16G 512G 独显 升级版 NVIDIA MX330游戏级显卡,5599.00,1万+,联想西南授权专卖店
联想(Lenovo)小新Pro16 2021款轻薄游戏笔记本电脑标压新锐龙16英寸大屏独显设计办公本 标压锐龙八核 16G 512G RTX3050标配 120Hz高刷 2.5K超清 100%sRGB,8499.00,2万+,联想西南授权专卖店
"惠普（HP）星15/14轻薄笔记本电脑【学生办公用游戏-旗舰店官网】 【潮流轻薄】i5-1135G7/14.0""银/核显 热款选择：16G 512G PCIE【V榜推荐】",4899.00,1万+,惠普授权旗舰店
联想小新Air14 Plus 新品轻薄笔记本电脑MX450独显游戏本酷睿i5-1155G7 16G内存 512G高速固态 标配版 100%sRGB 高色域 全面屏,6899.00,1万+,联想西南授权专卖店
荣耀MagicBook 16 Pro 2021 16.1英寸高性能标压轻薄游戏笔记本电脑(R7-5800H 16+512G 144Hz GTX1650)星空灰,6499.00,5万+,荣耀京东自营旗舰店
晨光(M&G)文具36K/14页小学生作业本 记事笔记本子 拼音田字格练习本簿 卡通生字本学习本 10本装K36161,9.90,10万+,晨光京东自营官方旗舰店
简约ins风本子复古磁扣本日记本商务笔记本子学生硬皮面女生款笔记本小随身便携小号记事本会议记录本手帐 抹茶绿-余生有你,12.90,54,联兴办公用品专营店
广博(GuangBo)144张25K记事本子创意加厚笔记本子羊巴皮手帐日记本 浅灰GBP25324,15.90,2万+,广博京东自营官方旗舰店
联想拯救者R9000P 2021款16英寸满血版RTX3060电竞游戏笔记本电脑锐龙R7-5800H 16G内存 512G高速固态 标配版 2.5K 165Hz 100%sRGB 专业电竞屏,9999.00,2万+,联想西南授权专卖店
神舟(HASEE)战神Z7-TA5NA 15.6英寸窄边框游戏笔记本电脑 (新11代酷睿i5-11260H RTX3050 4G 8G 512GSSD IPS),5599.00,5万+,神舟电脑京东自营旗舰店
华硕(ASUS) 天选 15.6英寸游戏笔记本电脑 锐龙 7nm 8核 钛空灰 R7-4800H RTX 3050 4G 16G 512G高速固态 144Hz,6599.00,1000+,华硕电脑官方旗舰店
机械革命(MECHREVO)钛钽PLUS 11代八核 17.3英寸165Hz电竞游戏电脑(i7-11800H 16G 512G RTX3060 2K),8999.00,5万+,机械革命京东自营官方旗舰店
联想拯救者R7000 Ps设计师制图15.6英寸锐龙八核R7轻薄便携学生手提旗舰吃鸡游戏本电脑 R5-5600H六核丨RTX3050 4G独显 店长推荐丨16G内存 512G固态,7899.00,2万+,联想众信授权专卖店
神舟(HASEE)战神Z7-TA5NS 15.6英寸游戏笔记本电脑 (新11代酷睿i5-11400H RTX3050 4G 16G 512GSSD 144Hz),5999.00,5万+,神舟电脑京东自营旗舰店
神舟(HASEE)战神Z7T-TA5NS 15.6英寸窄边框游戏笔记本电脑 (新11代酷睿i5-11400H RTX3050Ti 4G 16G 512GSSD),5799.00,5万+,神舟电脑京东自营旗舰店
戴尔(DELL)游匣G15 15.6英寸游戏笔记本电脑(11代英特尔酷睿i7-11800H 16G 512G RTX3050 120Hz )耀夜黑,7499.00,5万+,戴尔京东自营官方旗舰店
小米红米RedmiBook Pro15英寸锐龙版 3.2K 90Hz超视网膜全面屏笔记本电脑（6核R5-5600H集成显卡16GB512GB ）,5299.00,2万+,小米京东自营旗舰店
华硕(ASUS)天选2 15.6英寸新锐龙7nm学生游戏本IPS电竞屏商务办公用设计手提电脑 灰 i5-11400H RTX3050 144 官方标配 16G内存 512G固态,6699.00,2000+,华硕崇硕专卖店
神舟(HASEE)战神S7T-TA7NP 15.6英寸游戏笔记本电脑 (11代酷睿i7-11800H RTX3050Ti 144Hz 16G512GSSD),6499.00,5万+,神舟电脑京东自营旗舰店
机械师T58-V 144Hz全面屏游戏本11代i7-11800H八核RTX3050独显笔记本电脑 加强版16G/512G PCIE高速固态,7499.00,2万+,MACHENIKE机械师旗舰店
戴尔(DELL)游匣G15 15.6英寸游戏笔记本电脑(11代英特尔酷睿i5-11260H 16G 512G RTX3050 120Hz )耀夜黑,6599.00,5万+,戴尔京东自营官方旗舰店
荣耀笔记本电脑Magicbook 14/15 超薄全面屏轻薄本学生商务办公华为多屏协同锐龙版手提电脑 15丨i5-10210U 8G 512G 银,4099.00,1万+,荣耀策山专卖店
广博(GuangBo)A5笔记本子办公会议本记事本学生日记本软抄本 40张10本装颜色随机 GBR0790,15.00,50万+,广博京东自营官方旗舰店
联想拯救者Y7000 ps设计师制图15.6英寸英特尔酷睿i5标压高色域游戏本 学生用吃鸡电脑 标配【i5-11400H 16G内存 512固态】 RTX3050-4G电竞显卡,7999.00,5万+,联想航电授权专卖店
联想v14 轻薄笔记本电脑14英寸设计师学生商用游戏本 MX330高性能独显英特尔i5-10210u 16G内存 512G固态 定制,5299.00,1万+,联想商用信诺诚授权专卖店
小米RedmiBook pro 14锐龙版2021款2.5K屏轻薄红米笔记本电脑学生游戏办公手提本 【高配版】八核R7-5700U 16G 512G PCIe高速固态【DC调光低蓝光无闪烁】,5469.00,2万+,小米官方授权专卖店
京东京造 全面屏全金属超薄商务笔记本电脑 JDBook 14英寸(11代酷睿i3-1115G4处理器 8G 256G高速固态 FHD WIFI6 Win10) 银色,2999.00,1万+,京东京造官方自营旗舰店
攀升MaxBook P1英特尔4核 15.6英寸商务办公手提轻薄笔记本电脑（10代J4125 8G 256G 金属机身）2021新款,1999.00,2万+,攀升京东自营官方旗舰店
华硕(ASUS)天选2 15.6英寸游戏笔记本电脑(新锐龙 7nm 8核R7-5800H 16G 512G RTX3060 240Hz 100%sRGB)魔幻青,8299.00,10万+,华硕京东自营官方旗舰店
Apple MacBook Pro 14英寸 M1 Pro芯片(8核中央处理器 14核图形处理器) 16G 512G 深空灰 电脑 轻薄本 MKGP3CH/A,14999.00,100+,Apple产品京东自营旗舰店
惠普(HP)星14 青春版 14英寸轻薄窄边框笔记本电脑(i3-1115G4 8G 256GSSD UMA FHD IPS)银,3099.00,5000+,惠普京东自营官方旗舰店
惠普(HP)暗影精灵7 游戏本 16.1英寸笔记本电脑(i7-11800H 16G 512GSSD RTX3050Ti 4G独显 高色域),7699.00,5万+,惠普（HP）OMEN暗影精灵京东自营旗舰店
联想（Lenovo）V14 14英寸十代酷睿i3超轻薄高性能商务办公游戏学生网课手提笔记本电脑 i3-10110U 8G内存 512G固态 满血显卡 高清屏 精装升级 星空灰,3799.00,5000+,联想商用莱斯授权专卖店
联想小新15锐龙版 2021超轻薄笔记本电脑 15.6英寸高色域大屏学生办公设计师游戏本 六核R5-5500U 16G 512G｜标配 100%SRGB高色域屏,5899.00,2万+,联想众信授权专卖店
华硕(ASUS)天选2 15.6英寸游戏笔记本电脑(新锐龙 7nm 8核R7-5800H 16G 512G RTX3060 240Hz 100%sRGB)魔幻青,8299.00,10万+,华硕京东自营官方旗舰店
联想V14 2021超轻薄笔记本电脑 14英寸学生办公设计游戏本 MX330独显 i5-10210U 16G内存 512G固态 升级版 【高性能独显便携手提本】,5199.00,5000+,联想扬天授权旗舰店
华硕a豆14 2021新款14英寸高颜值轻薄本笔记本电脑 预装Office 极光白 第11代i5 16G 512G 锐炬显卡,5099.00,5000+,adol官方旗舰店
戴尔DELL灵越14Pro-5418 14英寸高色域防蓝光轻薄商务笔记本电脑(标压i5-11300H 16G 512G MX450 100%sRGB)银,6399.00,5万+,戴尔京东自营官方旗舰店
宏碁(Acer)墨舞EX215 15.6英寸轻薄大屏办公笔记本(英特尔四核N5100 8G 256GSSD 全高清防眩光雾面屏 Win10),2799.00,5000+,宏碁商用京东自营旗舰店
小米红米RedmiBook Pro15英寸锐龙版 3.2K 90Hz超视网膜全面屏笔记本电脑（6核R5-5600H集成显卡16GB512GB ）,5299.00,2万+,小米京东自营旗舰店
华硕（ASUS）天选2/飞行堡垒9 电竞屏游戏学生15.6英寸商务办公设计手提笔记本电脑2021 灰i5-11400H/3050 144Hz 16G内存+512G固态,6699.00,2000+,华硕崇硕专卖店
联想ThinkBook 14 酷睿版 14英寸轻薄笔记本电脑 100%sRGB高色域 银灰色 i5-1135G7 16G 512G MX450 14英寸,6299.00,5000+,ThinkBook京东自营旗舰店
华为笔记本电脑MateBook X Pro 2021款13.9英寸11代酷睿i7 16G 512G 锐炬显卡/3K触控全面屏/多屏协同 翡冷翠,9999.00,1万+,华为京东自营官方旗舰店
华为笔记本电脑MateBook 13s 2021 11代酷睿i5-11300H 16G 512G锐炬显卡/13.4英寸全面触控屏/轻薄办公本 银,6999.00,2000+,华为京东自营官方旗舰店
华硕a豆14 7nm锐龙高性能轻薄本 学生商务办公笔记本电脑(锐龙R5-5500U 16G 512G DC调光)银,4499.00,1000+,华硕京东自营官方旗舰店
联想拯救者R9000P 2021款电竞游戏笔记本电脑 RTX3060独显 八核新锐龙R7-5800H 16G内存 512G固态 标配版 16英寸 2.5K超高清｜165Hz专业电竞屏,9999.00,5万+,联想华东授权专卖店
联想小新pad 平板电脑 4GB+64GB,1399.00,2万+,联想京东自营官方旗舰店
戴尔笔记本2021款dell成就14-3400/3401 14英寸轻薄游戏商务办公学生手提笔记本电脑 i5-1135G7 16G 512G固态 热款选择 高性能集显 全高清屏【上门保修服务】,4599.00,2万+,戴尔华宏创天专卖店
RedmiBook Air 13.3英寸 2.5k全面屏超轻薄(英特尔酷睿i5 16G 512G 100%sRGB 紫晶灰)电脑 小米 红米,5199.00,5万+,小米京东自营旗舰店
华为笔记本电脑MateBook 14 2021款 14.0英寸11代酷睿i5 16G 512G 锐炬显卡/2K触控轻薄本 /多屏协同 深空灰,6299.00,1万+,华为京东自营官方旗舰店
机械革命Z3Air/Z2 11代八核i7 3050轻薄电竞游戏本15.6英寸商务办公设计师笔记本电脑 八核i7-11800H 3050独显 144电竞屏 官方补贴：16G 512G PCIe 高速固态,7099.00,1万+,机械革命授权专卖店
联想(Lenovo)小新Pro14 2021新品 14英寸锐龙R7八核标压 全面屏超轻薄笔记本电脑 标配丨R5-5600H 16G+512G固态,6199.00,1000+,联想航电授权专卖店
华硕a豆14 新款14英寸i3高颜值轻薄本学生商务办公笔记本电脑 幻金粉 预装office i3-1115G4 8G 512G固态,3799.00,500+,adol官方旗舰店
联想拯救者Y7000 15.6英寸I7八核满血版RTX3050学生设计电竞游戏笔记本电脑 i5-11400H六核丨RTX3050独显 16G内存 512G固态丨升级版,7899.00,5000+,联想众信授权专卖店
联想小新Pro16 2021款16英寸2.5K轻薄笔记本电脑 MX450独显游戏本i5-11300H 16G内存 512G固态 标配版 IPS高色域全面屏【DC调光护眼无闪烁】,7599.00,10万+,联想华东授权专卖店
荣耀笔记本电脑MagicBook X 14 轻薄本手提商务办公超薄超级本华为多屏协同 银｜i3-10110U 8GB 256GB 官方标配,3699.00,2000+,荣耀官方授权专卖店
机械革命（MECHREVO）Z3 Air 11代八核 15.6英寸轻薄游戏笔记本电脑(i7-11800H 16G 512G RTX3050 100%sRGB),6299.00,5万+,机械革命京东自营官方旗舰店
京东京造 商务本 JDBook 14英寸(11代酷睿i3-1115G4处理器 8G 512G高速固态 FHD WIFI6 Win10) 银色,3399.00,1万+,京东京造官方自营旗舰店
戴尔（DELL）笔记本灵越15-3511 15.6英寸超极本轻薄家用学生网课商务办公游戏电脑 四核酷睿i5-1035G1 高性能集显 16G内存 512GPCIE固态硬盘 热款选择,4399.00,10万+,戴尔华宏创天专卖店
华硕（ASUS）VivoBook15 2021版 11代酷睿轻薄笔记本15.6英寸商务办公学习电脑 冰晶银丨i5-1135G7丨锐炬XE显卡 16G内存丨512G固态丨套餐三,4299.00,2万+,华硕智凝专卖店
联想小新Pro14 11代酷睿i5 Evo平台14英寸Win11全面屏高性能设计轻薄笔记本电脑 标配i5-11320H 16G内存512G固态 银色/2.8K屏 90Hz高刷,6349.00,2万+,联想授权旗舰店
戴尔（DELL）新款3511灵越5000 3501升级15.6英寸i5轻薄办公学生手提笔记本电脑银色 2505定制 i5处理器/16G内存/512G固态,4399.00,2000+,戴尔阳光雨尉专卖店
Apple MacBook Pro 13.3 新款八核M1芯片 8G 256G SSD 深空灰 笔记本电脑 轻薄本 MYD82CH/A,9999.00,5万+,Apple产品京东自营旗舰店
联想笔记本电脑ThinkPad P15v(2DCD)英特尔酷睿15.6英寸高性能设计师工作站 i7-11800H 16G 512G T600 高色域,9499.00,2万+,ThinkPad京东自营旗舰店
【酷睿i7+独显】15.6英寸高性能游戏本 大学生学习办公商务本 便携手提笔记本电脑 快速者轻薄本 指纹解锁11代酷睿i7-1165G7+锐炬Xe核显 16G内存+512G固态硬盘,4899.00,2000+,快速者电脑官方旗舰店
机械革命(MECHREVO)钛钽PLUS11代八核 17.3英寸144Hz电竞游戏笔记本电脑(i7-11800H 16G 512G RTX3060 银),8699.00,5万+,机械革命京东自营官方旗舰店
荣耀笔记本电脑MagicBook14/15/16Pro轻薄本游戏学生办公手提电脑超薄本华为多屏协同 X15银｜i5 10210U/8G/512G集显,3999.00,5000+,京东电竞官方旗舰店
联想笔记本电脑ThinkBook 14p AMD锐龙标压 14英寸高性能轻薄本 全面屏 R7-5800H 16G 512G 16:10 2.2K高色域,6299.00,2万+,ThinkPad京东自营旗舰店
华硕无畏Pro14 锐龙版 2.8K OLED轻薄笔记本电脑(R7-5800H 16G 512G 100%DCI-P3 高色域600尼特90Hz护眼屏)银,5799.00,2万+,华硕京东自营官方旗舰店
联想笔记本电脑ThinkBook 14p AMD锐龙标压 14英寸高性能轻薄本 R7-5800H 32G 512G 16:10 2.2K高色域,7499.00,2万+,ThinkPad京东自营旗舰店
华为笔记本电脑MateBook X Pro 2021款13.9英寸11代酷睿i7 16G 512G 锐炬显卡/3K触控全面屏/多屏协同 深空灰,9999.00,1万+,华为京东自营官方旗舰店
联想拯救者Y9000P 2021款16英寸满血RTX3060游戏笔记本电脑酷睿i7-11800H八核 16G内存 512G高速固态 标配版 2.5K 165Hz 100%sRGB 专业电竞屏,11899.00,2万+,联想西南授权专卖店
联想威6 2021全新11代酷睿 15.6英寸高性能学生游戏超轻薄商务办公本手提电脑 11代酷睿标配i3-1115G4 8G 512G 防眩光屏 长续航电池 WiFi6 虹光银,4999.00,5000+,联想扬天京东自营授权旗舰店
机械革命(MECHREVO)钛钽PLUS 11代八核 17.3英寸165Hz电竞游戏电脑(i7-11800H 16G 512G RTX3070 2K),11499.00,5万+,机械革命京东自营官方旗舰店
机械革命(MECHREVO)F6 16英寸 2.5K 100%sRGB 2021标压版（英特尔酷睿i5-11300H 16G 512G）轻薄电脑,4799.00,5000+,机械革命京东自营官方旗舰店
惠普（HP）战66 四代 15.6英寸轻薄笔记本电脑（i5-1135G7 16G 512G 高色域 一年上门+意外 2年电池）,5299.00,20万+,惠普京东自营官方旗舰店
华硕（ASUS）破晓Pro15 2021新品 15.6英寸轻薄本笔记本电脑 180度开合 WiFi6 i5-1135G7 16G 512G 2G独显,4999.00,1万+,华硕电脑官方旗舰店
联想(Lenovo)拯救者R9000P 2021款16英寸锐龙R7八核笔记本电脑 高色域电竞游戏本 R7-5800H八核丨RTX3060-6G 标配：16G内存+512固态 16英寸 钛晶灰,9799.00,5000+,联想航电授权专卖店
RedmiBook Pro 15增强版 轻薄本(i5-11320H 16G 512G 锐炬Xe 3.2K 90Hz超视网膜全面屏) 红米小米电脑,5299.00,5万+,小米京东自营旗舰店
联想(Lenovo)扬天 S14 酷睿版 英特尔酷睿i5 14英寸轻薄笔记本电脑( i5-1135G7 16G 512G 锐炬显卡 高色域 ),4999.00,10万+,联想商用京东自营旗舰店
【新品11代酷睿i7】15.6英寸独显金属笔记本电脑轻薄本商务办公大学生上网课超薄便携游戏超极本手提 指纹解锁 英特尔十代5205U 16G内存 512G固态硬盘,3499.00,1万+,爱尔游旗舰店
ROG幻16 16英寸高端全能本 11代英特尔酷睿i7-11800H 8核 16G 512G RTX3060 165Hz 2.5K高刷高分屏 100% DCI-P3专业广色域 轻薄游戏本电脑,10999.00,1万+,玩家国度ROG京东自营官方旗舰店
"惠普（HP）星14青春版 轻薄便携笔记本电脑 14英寸男女超薄学生网课办公 11代酷睿 i3-1115G4 预装office 14.0""银 【店长推荐】8G 256GPCIE固态",3699.00,1万+,惠普授权旗舰店
宏碁(Acer)非凡S3 Plus 16.1英寸轻薄本 办公笔记本电脑 高色域全面屏（标压i5-11300H 16G 512G 雷电4）灰,4799.00,2万+,宏碁京东自营旗舰店
RedmiBook Pro 14增强版 轻薄本(i5-11320H 16G 512G MX450 2.5K超视网膜全面屏) 红米小米电脑,5599.00,2万+,小米京东自营旗舰店
戴尔笔记本电脑dell灵越14-5405 14英寸全高清防眩光轻薄商务笔记本电脑(AMD R5-4500U 16G 512GSSD),4499.00,2万+,戴尔京东自营官方旗舰店
联想笔记本电脑IdeaPad15s 2021新锐龙15.6英寸全面屏高性能游戏商务手提办公本 六核R5-5500U 8G 256G固态标配推荐,4999.00,5万+,联想有点授权专卖店
酷睿i7+独显/15.6英寸十代高配金属笔记本电脑轻薄本商务大学生上网课IRU超薄便携超极游戏本手提 十代四核英特尔J4115 8G内存/256G固态硬盘,2199.00,2万+,iru旗舰店
简勋 a5笔记本子文具商务工作会议记录本b5复古简约文艺日记本办公记事本加厚本子礼盒可定制LOGO A5灰色【单本装】,9.90,85,简勋办公文具旗舰店
小米红米RedmiBook Pro15英寸锐龙版 3.2K 90Hz超视网膜全面屏笔记本电脑（8核R7-5800H集成显卡16GB512GB ）,5799.00,2万+,小米京东自营旗舰店
宏碁(Acer)暗影骑士·擎笔记本电脑 15.6英寸144Hz电竞屏512G硬盘高色域游戏本独立显卡 i5-11400H-16G-RTX3050Ti4G,7399.00,1000+,宏碁电脑京东自营旗舰店
戴尔笔记本电脑dell灵越5409高色域全面屏超轻薄性能商务办公本(11代i7-1165G7 16G 512G 锐炬显卡)薄荷银,5499.00,5000+,戴尔京东自营官方旗舰店
联想笔记本电脑ThinkBook 14p AMD锐龙标压 14英寸高性能轻薄本 全面屏 R7-5800H 16G 512G 16:10 2.8K OLED,6799.00,2万+,ThinkPad京东自营旗舰店
联想小新Air14 2021锐龙R5(全新7nm)六核超轻薄笔记本电脑 学生办公设计游戏高色域轻薄本 标配【R5 5500U 16G内存 512G固态】,5599.00,5万+,联想航电授权专卖店
简勋 a5笔记本子文具商务工作会议记录本b5复古简约文艺日记本办公记事本加厚本子礼盒可定制LOGO A5灰色【单本装】,9.90,85,简勋办公文具旗舰店
华为笔记本电脑MateBook 13 2021款 13.0英寸 11代酷睿i7 16G 512G 锐炬显卡/2K触控轻薄本/多屏协同 皓月银,6999.00,5000+,华为京东自营官方旗舰店
雷神(ThundeRobot) 911Air星战四代 15.6英寸游戏笔记本电脑(十一代六核i5-11260H 8G 512GSSD RTX3050),5699.00,5万+,雷神京东自营官方旗舰店
联想笔记本电脑ThinkPad X1 Nano 英特尔Evo平台 13英寸 11代酷睿i5 16G 512G/16:10微边框2K/3年质保,8999.00,2万+,ThinkPad京东自营旗舰店
联想小新Pro16 2021轻薄游戏笔记本电脑 2.5K屏 GTX1650独显 八核R7-5800H 16G内存 512G固态 标配版 IPS高色域全面屏【DC调光护眼无闪烁】,7988.00,5万+,联想华东授权专卖店
酷睿i7+独显/15.6英寸十代高配金属笔记本电脑轻薄本商务大学生上网课IRU超薄便携超极游戏本手提 十代四核英特尔J4115 8G内存/512G固态硬盘,2399.00,2万+,iru旗舰店
【2021新品十一代极速处理器+酷睿i7】15.6英寸笔记本电脑轻薄本办公游戏本智能驼适用于华为鼠标 青春版【十代处理器】全面屏+抗蓝光 8G内存+128G固态硬盘,1599.00,500+,智能驼数码旗舰店
联想笔记本电脑IdeaPad14S轻薄新款大学生网课直播14英寸全面屏超轻薄游戏手提商务办公本 i3-1005G1 8G 256G固态 定制店长推 全高清全面屏 荣耀银+可升级w,3599.00,1万+,联想有点授权专卖店
联想ThinkPad E14 2021款 酷睿版 英特尔酷睿i5 14英寸轻薄笔记本电脑(i5-1135G7 8G 512G 100%sRGB)银,4999.00,5万+,ThinkPad京东自营旗舰店
荣耀笔记本电脑MagicBook 16 Pro/X 15 轻薄本手提超极本学生超薄本华为多屏协同 16 银｜R5-5600H 16 512G 集显,4999.00,2万+,荣耀官方授权专卖店
联想笔记本15s 新酷睿i5独显15.6英寸大屏超轻薄学生手提办公游戏电脑 旗舰标配i5-1035G1 8G内存 512G固态 MX330独立显卡 送office办公套装雅致灰,5098.00,5万+,联想有点授权专卖店
惠普（HP）原装星14青春版赛扬处理器学生办公家庭笔记本电脑轻薄窄边框便携男女 赛扬/集显/8G/256G/银,3399.00,200+,惠普中国京东自营官方旗舰店
戴尔（DELL）成就3401/3400轻薄本 2021款14英寸网课办公学生手提商用笔记本电脑 i3-1115G4 8GB 256G固态推荐定制 【英特尔酷睿】高性能核显 全高清屏,3499.00,2万+,戴尔速达专卖店
联想S14 超轻薄笔记本电脑 2021款14英寸 游戏办公设计学生本 MX450高性能独显 i5-1135G7 16G内存 512G固态 指纹开机 背光键盘 精装升级 月光银,6199.00,2000+,联想扬天授权旗舰店
Apple MacBook Pro 13.3 新款八核M1芯片 16G 256G SSD 深空灰 笔记本电脑 轻薄本 Z11B,11199.00,5万+,Apple产品京东自营旗舰店
联想小新Pro14新品Win11金属超轻薄笔记本电脑 高色域全面屏 标压11代酷睿i5-11320H 16G内存 512G固态 标配版 2.8K超高清 低蓝光护眼IPS屏｜人脸识别,6399.00,2万+,联想华东授权专卖店
宏碁 暗影骑士·擎 新11代酷睿i5 15.6英寸 游戏本笔记本电脑(i5-11400H 16G 512GSSD RTX3050 144Hz高色域屏),6399.00,1万+,宏碁京东自营旗舰店
联想ThinkPad E14锐龙版 2021小新款 14英寸学生商务办公轻薄便携笔记本电脑 5MCD 官方标配：R3-5300u 8G 256G固态 IPS高清屏 Win10 Office WIFI6,3999.00,1万+,ThinkPad广东授权专卖店
VAIO Z系列2021 11代酷睿14英寸标压碳纤维高端轻薄商务笔记本电脑（i7-11375H-32G-2T SSD 4K屏）睿丝黑,30888.00,94,VAIO京东自营旗舰店
惠普（HP）暗影精灵7/6Plus 游戏本 16.1英寸暗影暗夜RTX30系电竞吃鸡学生笔记本电脑 【游戏No.1】新11代i5/RTX3050-4G 【高配版】16G/512G PCIE固态,6688.00,1000+,惠普无边界专卖店
小米红米RedmiBook Pro 14 锐龙版R7-5700U 16GB 512GB 2.5K超视网膜全面屏金属高色域轻薄电脑,5299.00,2万+,小米京东自营旗舰店
